
INSERT INTO authors (name) VALUES ('J.K. Rowling');
INSERT INTO authors (name) VALUES ('George R.R. Martin');
INSERT INTO authors (name) VALUES ('Stephen King');
INSERT INTO authors (name) VALUES ('J.R.R. Tolkien');
INSERT INTO authors (name) VALUES ('Leo Tolstoy');
INSERT INTO authors (name) VALUES ('Mark Twain');
INSERT INTO authors (name) VALUES ('Charles Dickens');
INSERT INTO authors (name) VALUES ('Fyodor Dostoevsky');
INSERT INTO authors (name) VALUES ('Ernest Hemingway');
INSERT INTO authors (name) VALUES ('Jane Austen');


INSERT INTO books (title, author, isbn, publication_date, price) VALUES ('Harry Potter and the Sorcerer''s Stone', 'J.K. Rowling', '9780747532743', '1997-06-26', 19.95);
INSERT INTO books (title, author, isbn, publication_date, price) VALUES ('Game of Thrones', 'George R.R. Martin', '9780553103540', '1996-08-06', 22.90);
INSERT INTO books (title, author, isbn, publication_date, price) VALUES ('The Shining', 'Stephen King', '9780307743657', '1977-01-28', 15.95);
INSERT INTO books (title, author, isbn, publication_date, price) VALUES ('The Hobbit', 'J.R.R. Tolkien', '9780395177112', '1937-09-21', 14.95);
INSERT INTO books (title, author, isbn, publication_date, price) VALUES ('War and Peace', 'Leo Tolstoy', '9780307266934', '1869-01-01', 20.00);
INSERT INTO books (title, author, isbn, publication_date, price) VALUES ('Adventures of Huckleberry Finn', 'Mark Twain', '9780486280615', '1884-12-10', 5.99);
INSERT INTO books (title, author, isbn, publication_date, price) VALUES ('A Tale of Two Cities', 'Charles Dickens', '9781853262647', '1859-04-30', 9.95);
INSERT INTO books (title, author, isbn, publication_date, price) VALUES ('Crime and Punishment', 'Fyodor Dostoevsky', '9780486415871', '1866-01-01', 7.95);
INSERT INTO books (title, author, isbn, publication_date, price) VALUES ('The Old Man and the Sea', 'Ernest Hemingway', '9780684830490', '1952-09-01', 12.00);
INSERT INTO books (title, author, isbn, publication_date, price) VALUES ('Pride and Prejudice', 'Jane Austen', '9780679783268', '1813-01-28', 6.95);


INSERT INTO author_book (author_id, book_id) VALUES (1, 1);
INSERT INTO author_book (author_id, book_id) VALUES (2, 2);
INSERT INTO author_book (author_id, book_id) VALUES (3, 3);
INSERT INTO author_book (author_id, book_id) VALUES (4, 4);
INSERT INTO author_book (author_id, book_id) VALUES (5, 5);
INSERT INTO author_book (author_id, book_id) VALUES (6, 6);
INSERT INTO author_book (author_id, book_id) VALUES (7, 7);
INSERT INTO author_book (author_id, book_id) VALUES (8, 8);
INSERT INTO author_book (author_id, book_id) VALUES (9, 9);
INSERT INTO author_book (author_id, book_id) VALUES (10, 10);
